,Keywords,tf_idf
1,scaffold,0.068036646
2,bone,0.067216927
3,hydroxyapatite,0.066943687
4,chitosan,0.046450722
5,polymer,0.045084524
6,tissue engineering,0.043718327
7,alloy,0.042078889
8,hydrogel,0.04180565
9,titanium,0.04153241
10,coating,0.034974661