,Keywords,tf_idf
118,hydrogel,0.09148752628570248
65,nanoparticles,0.06897116618948036
176,scaffold,0.06754908028866634
24,bone,0.05403926423093307
667,chitosan,0.04598077745965358
283,hydroxyapatite,0.045151227350845397
429,tissue engineering,0.041121983965205645
258,synthesis,0.03697423342116473
83,polymer,0.03685572626276356
9,alloy,0.03626319047075772
