,Keywords,tf_idf
9,bone,0.07345038524234801
202,hydroxyapatite,0.06488117363074075
113,polymer,0.05784217837834906
45,adhesion,0.052639442757016076
215,collagen,0.04988505331042802
0,titanium,0.04866088022305556
502,vitro,0.0459064907764675
497,implant,0.044682317689095044
305,tissue engineering,0.04284605805803634
61,hydrogel,0.03213454354352725
