,Keywords,tf_idf
325,scaffold,0.0767473186241329
584,hydrogel,0.0738608044280925
110,nanoparticles,0.06435228707643001
156,bone,0.05280623029226843
65,polymer,0.04907074133268674
234,tissue engineering,0.047712381711020664
269,chitosan,0.047712381711020664
127,hydroxyapatite,0.04380709779873072
18,alloy,0.042109148271648134
341,synthesis,0.040920583602690325
