,Keywords,tf_idf
114,hydrogel,0.07032036699952142
154,scaffold,0.06225494856230033
43,nanoparticles,0.053433397146589755
158,polymer,0.04864455494948973
346,bone,0.047888421971000246
142,hydroxyapatite,0.04763637764483709
148,tissue engineering,0.04738433331867393
219,chitosan,0.04713228899251077
539,alloy,0.04259549112157391
178,synthesis,0.03906687055528968
