,Keywords,tf_idf
546,hydrogel,0.0804322971899677
194,scaffold,0.06437451236772815
8,nanoparticles,0.0627974085012582
699,bone,0.051040816042118534
0,chitosan,0.04817335446671862
1462,hydroxyapatite,0.04817335446671862
157,tissue engineering,0.04129144668575881
45,polymer,0.04071795437067883
221,coating,0.038423985110358896
414,synthesis,0.03727700048019893
